{
  "version": "v1_logistic",
  "trained_at": "2026-02-07T15:56:56.027656",
  "feature_names": [
    "health_score",
    "health_score_trend",
    "avg_sleep_7d",
    "avg_mood_7d",
    "activity_frequency",
    "logging_consistency",
    "days_since_last_interaction",
    "days_since_last_log",
    "previous_nudge_success_rate",
    "hour_of_day",
    "day_of_week",
    "is_weekend",
    "nudge_appointment_reminder",
    "nudge_declining_score",
    "nudge_improving_score",
    "nudge_low_hydration",
    "nudge_missing_log",
    "nudge_mood_pattern",
    "nudge_sleep_deficit",
    "nudge_streak_celebration",
    "nudge_symptom_followup",
    "nudge_wellness_checkin"
  ],
  "weights": [
    0.2600761779760212,
    -0.17052407503718306,
    0.20767720644273918,
    0.06944199398195647,
    -0.01159131519482489,
    0.2789229268771498,
    -0.3922741236399725,
    0.08254219521720998,
    0.396032342015656,
    -0.21492533998091884,
    -0.1034156007619518,
    -0.02212802114632754,
    0.18938218989588582,
    0.07483822165007122,
    -0.07446865039001814,
    0.015783685473706472,
    0.12289746967428088,
    -0.040717100894603744,
    -0.052534860919817586,
    0.08018125567317806,
    -0.08062792018721664,
    -0.2259665523676422
  ],
  "bias": 0.1876035261472623,
  "scaler_mean": [
    59.05560703970887,
    0.1675,
    6.534848943970378,
    3.0061184034543595,
    0.46597673453437866,
    0.2864808831729581,
    3.1179628816659273,
    2.2682689065223327,
    0.4042720929865781,
    11.6025,
    3.01,
    0.255,
    0.1025,
    0.1125,
    0.075,
    0.095,
    0.0925,
    0.12,
    0.09,
    0.095,
    0.1,
    0.1175
  ],
  "scaler_std": [
    19.792743080684197,
    0.6591234709824859,
    1.4986709656049304,
    0.8342281902594145,
    0.48523382895363165,
    0.1546321781317642,
    3.1902572074282185,
    3.068842060379792,
    0.201121090861781,
    6.920946015538628,
    1.9117792759625782,
    0.43586121644395015,
    0.3033047147671793,
    0.31598061649411346,
    0.26339134382131846,
    0.293214938227915,
    0.2897304782034504,
    0.3249615361854384,
    0.2861817604250837,
    0.29321493822791495,
    0.30000000000000004,
    0.3220151393956502
  ]
}